gs://fish-cv-classification/black_bullhead/1.jpg,black_bullhead
gs://fish-cv-classification/black_bullhead/10.png,black_bullhead
gs://fish-cv-classification/black_bullhead/11.jpg,black_bullhead
gs://fish-cv-classification/black_bullhead/12.jpg,black_bullhead
gs://fish-cv-classification/black_bullhead/13.jpg,black_bullhead
gs://fish-cv-classification/black_bullhead/14.jpg,black_bullhead
gs://fish-cv-classification/black_bullhead/15.jpg,black_bullhead
gs://fish-cv-classification/black_bullhead/16.png,black_bullhead
gs://fish-cv-classification/black_bullhead/17.jpg,black_bullhead
gs://fish-cv-classification/black_bullhead/18.jpg,black_bullhead
gs://fish-cv-classification/black_bullhead/19.jpg,black_bullhead
gs://fish-cv-classification/black_bullhead/2.jpg,black_bullhead
gs://fish-cv-classification/black_bullhead/20.png,black_bullhead
gs://fish-cv-classification/black_bullhead/21.png,black_bullhead
gs://fish-cv-classification/black_bullhead/22.jpg,black_bullhead
gs://fish-cv-classification/black_bullhead/23.png,black_bullhead
gs://fish-cv-classification/black_bullhead/24.jpg,black_bullhead
gs://fish-cv-classification/black_bullhead/25.jpg,black_bullhead
gs://fish-cv-classification/black_bullhead/26.jpg,black_bullhead
gs://fish-cv-classification/black_bullhead/27.png,black_bullhead
gs://fish-cv-classification/black_bullhead/28.jpg,black_bullhead
gs://fish-cv-classification/black_bullhead/29.png,black_bullhead
gs://fish-cv-classification/black_bullhead/3.jpg,black_bullhead
gs://fish-cv-classification/black_bullhead/30.jpg,black_bullhead
gs://fish-cv-classification/black_bullhead/31.jpg,black_bullhead
gs://fish-cv-classification/black_bullhead/32.jpg,black_bullhead
gs://fish-cv-classification/black_bullhead/33.jpg,black_bullhead
gs://fish-cv-classification/black_bullhead/34.jpg,black_bullhead
gs://fish-cv-classification/black_bullhead/35.jpg,black_bullhead
gs://fish-cv-classification/black_bullhead/36.jpg,black_bullhead
gs://fish-cv-classification/black_bullhead/37.jpg,black_bullhead
gs://fish-cv-classification/black_bullhead/38.png,black_bullhead
gs://fish-cv-classification/black_bullhead/39.jpg,black_bullhead
gs://fish-cv-classification/black_bullhead/4.jpg,black_bullhead
gs://fish-cv-classification/black_bullhead/40.jpg,black_bullhead
gs://fish-cv-classification/black_bullhead/41.jpg,black_bullhead
gs://fish-cv-classification/black_bullhead/42.jpg,black_bullhead
gs://fish-cv-classification/black_bullhead/43.png,black_bullhead
gs://fish-cv-classification/black_bullhead/44.png,black_bullhead
gs://fish-cv-classification/black_bullhead/45.jpg,black_bullhead
gs://fish-cv-classification/black_bullhead/46.jpg,black_bullhead
gs://fish-cv-classification/black_bullhead/47.jpg,black_bullhead
gs://fish-cv-classification/black_bullhead/48.jpg,black_bullhead
gs://fish-cv-classification/black_bullhead/49.jpg,black_bullhead
gs://fish-cv-classification/black_bullhead/5.jpg,black_bullhead
gs://fish-cv-classification/black_bullhead/50.jpg,black_bullhead
gs://fish-cv-classification/black_bullhead/6.png,black_bullhead
gs://fish-cv-classification/black_bullhead/7.png,black_bullhead
gs://fish-cv-classification/black_bullhead/8.jpg,black_bullhead
gs://fish-cv-classification/black_bullhead/9.jpg,black_bullhead
gs://fish-cv-classification/black_crappie/1.jpg,black_crappie
gs://fish-cv-classification/black_crappie/10.jpg,black_crappie
gs://fish-cv-classification/black_crappie/11.jpg,black_crappie
gs://fish-cv-classification/black_crappie/12.jpg,black_crappie
gs://fish-cv-classification/black_crappie/13.jpg,black_crappie
gs://fish-cv-classification/black_crappie/14.jpg,black_crappie
gs://fish-cv-classification/black_crappie/15.jpg,black_crappie
gs://fish-cv-classification/black_crappie/16.jpg,black_crappie
gs://fish-cv-classification/black_crappie/17.jpg,black_crappie
gs://fish-cv-classification/black_crappie/18.jpg,black_crappie
gs://fish-cv-classification/black_crappie/19.jpg,black_crappie
gs://fish-cv-classification/black_crappie/2.jpg,black_crappie
gs://fish-cv-classification/black_crappie/20.jpg,black_crappie
gs://fish-cv-classification/black_crappie/21.jpg,black_crappie
gs://fish-cv-classification/black_crappie/22.jpg,black_crappie
gs://fish-cv-classification/black_crappie/23.jpg,black_crappie
gs://fish-cv-classification/black_crappie/24.jpg,black_crappie
gs://fish-cv-classification/black_crappie/25.jpg,black_crappie
gs://fish-cv-classification/black_crappie/26.jpg,black_crappie
gs://fish-cv-classification/black_crappie/27.jpg,black_crappie
gs://fish-cv-classification/black_crappie/28.jpg,black_crappie
gs://fish-cv-classification/black_crappie/29.jpg,black_crappie
gs://fish-cv-classification/black_crappie/3.jpg,black_crappie
gs://fish-cv-classification/black_crappie/30.jpg,black_crappie
gs://fish-cv-classification/black_crappie/31.jpg,black_crappie
gs://fish-cv-classification/black_crappie/32.jpg,black_crappie
gs://fish-cv-classification/black_crappie/33.jpg,black_crappie
gs://fish-cv-classification/black_crappie/34.jpg,black_crappie
gs://fish-cv-classification/black_crappie/35.jpg,black_crappie
gs://fish-cv-classification/black_crappie/36.jpg,black_crappie
gs://fish-cv-classification/black_crappie/37.jpg,black_crappie
gs://fish-cv-classification/black_crappie/38.jpg,black_crappie
gs://fish-cv-classification/black_crappie/39.jpg,black_crappie
gs://fish-cv-classification/black_crappie/4.jpg,black_crappie
gs://fish-cv-classification/black_crappie/40.png,black_crappie
gs://fish-cv-classification/black_crappie/41.png,black_crappie
gs://fish-cv-classification/black_crappie/42.png,black_crappie
gs://fish-cv-classification/black_crappie/43.jpg,black_crappie
gs://fish-cv-classification/black_crappie/44.jpg,black_crappie
gs://fish-cv-classification/black_crappie/45.jpg,black_crappie
gs://fish-cv-classification/black_crappie/46.jpg,black_crappie
gs://fish-cv-classification/black_crappie/47.jpg,black_crappie
gs://fish-cv-classification/black_crappie/48.jpg,black_crappie
gs://fish-cv-classification/black_crappie/49.jpg,black_crappie
gs://fish-cv-classification/black_crappie/5.jpg,black_crappie
gs://fish-cv-classification/black_crappie/50.png,black_crappie
gs://fish-cv-classification/black_crappie/51.jpg,black_crappie
gs://fish-cv-classification/black_crappie/52.jpg,black_crappie
gs://fish-cv-classification/black_crappie/6.jpg,black_crappie
gs://fish-cv-classification/black_crappie/7.jpg,black_crappie
gs://fish-cv-classification/black_crappie/8.jpg,black_crappie
gs://fish-cv-classification/black_crappie/9.jpg,black_crappie
gs://fish-cv-classification/bluegill/45424j6w5.jpg,bluegill
gs://fish-cv-classification/bluegill/4664jiut.jpg,bluegill
gs://fish-cv-classification/bluegill/4sjyrs4rj.jpg,bluegill
gs://fish-cv-classification/bluegill/53yw4h.jpg,bluegill
gs://fish-cv-classification/bluegill/57i57eyi.jpg,bluegill
gs://fish-cv-classification/bluegill/5e76576e.jpg,bluegill
gs://fish-cv-classification/bluegill/5e7i57i.jpg,bluegill
gs://fish-cv-classification/bluegill/5k7iwysyk.jpg,bluegill
gs://fish-cv-classification/bluegill/975ew57e9.jpg,bluegill
gs://fish-cv-classification/bluegill/a5ya5ye.jpg,bluegill
gs://fish-cv-classification/bluegill/aertrryh.jpg,bluegill
gs://fish-cv-classification/bluegill/aeyryea.jpg,bluegill
gs://fish-cv-classification/bluegill/arghfgh.jpg,bluegill
gs://fish-cv-classification/bluegill/atejrztj.jpg,bluegill
gs://fish-cv-classification/bluegill/cvbsrths.jpg,bluegill
gs://fish-cv-classification/bluegill/dykud.jpg,bluegill
gs://fish-cv-classification/bluegill/e67e67.jpg,bluegill
gs://fish-cv-classification/bluegill/e67ie6i.jpg,bluegill
gs://fish-cv-classification/bluegill/e68k8k6.jpg,bluegill
gs://fish-cv-classification/bluegill/etjaetjha.jpg,bluegill
gs://fish-cv-classification/bluegill/gdhbfzxzh.jpg,bluegill
gs://fish-cv-classification/bluegill/gfnbgbvf.jpg,bluegill
gs://fish-cv-classification/bluegill/gzrrzngj.jpg,bluegill
gs://fish-cv-classification/bluegill/i7575tyu.jpg,bluegill
gs://fish-cv-classification/bluegill/jsrsrjy.jpg,bluegill
gs://fish-cv-classification/bluegill/jsthgjes.jpg,bluegill
gs://fish-cv-classification/bluegill/k68ee68e.jpg,bluegill
gs://fish-cv-classification/bluegill/k68eke68.jpg,bluegill
gs://fish-cv-classification/bluegill/kust6k.jpg,bluegill
gs://fish-cv-classification/bluegill/mhgsaf.jpg,bluegill
gs://fish-cv-classification/bluegill/mnyaja.jpg,bluegill
gs://fish-cv-classification/bluegill/nrstyh.jpg,bluegill
gs://fish-cv-classification/bluegill/o86pode6.jpg,bluegill
gs://fish-cv-classification/bluegill/oustysuo.jpg,bluegill
gs://fish-cv-classification/bluegill/qmhj5q.jpg,bluegill
gs://fish-cv-classification/bluegill/qnj311.jpg,bluegill
gs://fish-cv-classification/bluegill/Screenshot 2021-11-07 202223.png,bluegill
gs://fish-cv-classification/bluegill/Screenshot 2021-11-07 202258.png,bluegill
gs://fish-cv-classification/bluegill/Screenshot 2021-11-07 202308.png,bluegill
gs://fish-cv-classification/bluegill/Screenshot 2021-11-07 202317.png,bluegill
gs://fish-cv-classification/bluegill/Screenshot 2021-11-07 202442.png,bluegill
gs://fish-cv-classification/bluegill/Screenshot 2021-11-07 202618.png,bluegill
gs://fish-cv-classification/bluegill/Screenshot 2021-11-07 202626.png,bluegill
gs://fish-cv-classification/bluegill/Screenshot 2021-11-07 202638.png,bluegill
gs://fish-cv-classification/bluegill/sfgjfs.jpg,bluegill
gs://fish-cv-classification/bluegill/srgjrfg.jpg,bluegill
gs://fish-cv-classification/bluegill/sw546yr6y5.jpg,bluegill
gs://fish-cv-classification/bluegill/swyjws.jpg,bluegill
gs://fish-cv-classification/bluegill/syitsi.jpg,bluegill
gs://fish-cv-classification/bluegill/tdktkd.jpg,bluegill
gs://fish-cv-classification/blue_catfish/1.jpg,blue_catfish
gs://fish-cv-classification/blue_catfish/10.jpg,blue_catfish
gs://fish-cv-classification/blue_catfish/11.jpg,blue_catfish
gs://fish-cv-classification/blue_catfish/12.jpg,blue_catfish
gs://fish-cv-classification/blue_catfish/13.jpg,blue_catfish
gs://fish-cv-classification/blue_catfish/14.jpg,blue_catfish
gs://fish-cv-classification/blue_catfish/15.jpg,blue_catfish
gs://fish-cv-classification/blue_catfish/16.jpg,blue_catfish
gs://fish-cv-classification/blue_catfish/17.jpg,blue_catfish
gs://fish-cv-classification/blue_catfish/18.jpg,blue_catfish
gs://fish-cv-classification/blue_catfish/19.jpg,blue_catfish
gs://fish-cv-classification/blue_catfish/2.png,blue_catfish
gs://fish-cv-classification/blue_catfish/20.jpg,blue_catfish
gs://fish-cv-classification/blue_catfish/21.jpg,blue_catfish
gs://fish-cv-classification/blue_catfish/22.jpg,blue_catfish
gs://fish-cv-classification/blue_catfish/23.png,blue_catfish
gs://fish-cv-classification/blue_catfish/24.png,blue_catfish
gs://fish-cv-classification/blue_catfish/25.png,blue_catfish
gs://fish-cv-classification/blue_catfish/26.png,blue_catfish
gs://fish-cv-classification/blue_catfish/27.jpg,blue_catfish
gs://fish-cv-classification/blue_catfish/28.jpg,blue_catfish
gs://fish-cv-classification/blue_catfish/29.png,blue_catfish
gs://fish-cv-classification/blue_catfish/3.jpg,blue_catfish
gs://fish-cv-classification/blue_catfish/30.jpg,blue_catfish
gs://fish-cv-classification/blue_catfish/31.jpg,blue_catfish
gs://fish-cv-classification/blue_catfish/32.jpg,blue_catfish
gs://fish-cv-classification/blue_catfish/33.png,blue_catfish
gs://fish-cv-classification/blue_catfish/34.png,blue_catfish
gs://fish-cv-classification/blue_catfish/35.png,blue_catfish
gs://fish-cv-classification/blue_catfish/36.jpg,blue_catfish
gs://fish-cv-classification/blue_catfish/37.jpg,blue_catfish
gs://fish-cv-classification/blue_catfish/38.png,blue_catfish
gs://fish-cv-classification/blue_catfish/39.jpg,blue_catfish
gs://fish-cv-classification/blue_catfish/4.png,blue_catfish
gs://fish-cv-classification/blue_catfish/40.png,blue_catfish
gs://fish-cv-classification/blue_catfish/41.png,blue_catfish
gs://fish-cv-classification/blue_catfish/42.jpg,blue_catfish
gs://fish-cv-classification/blue_catfish/43.png,blue_catfish
gs://fish-cv-classification/blue_catfish/44.png,blue_catfish
gs://fish-cv-classification/blue_catfish/45.png,blue_catfish
gs://fish-cv-classification/blue_catfish/46.png,blue_catfish
gs://fish-cv-classification/blue_catfish/47.png,blue_catfish
gs://fish-cv-classification/blue_catfish/48.png,blue_catfish
gs://fish-cv-classification/blue_catfish/49.png,blue_catfish
gs://fish-cv-classification/blue_catfish/5.png,blue_catfish
gs://fish-cv-classification/blue_catfish/50.png,blue_catfish
gs://fish-cv-classification/blue_catfish/6.png,blue_catfish
gs://fish-cv-classification/blue_catfish/7.png,blue_catfish
gs://fish-cv-classification/blue_catfish/8.jpg,blue_catfish
gs://fish-cv-classification/blue_catfish/9.jpg,blue_catfish
gs://fish-cv-classification/channel_catfish/Screenshot 2021-10-28 at 15.58.19.png,channel_catfish
gs://fish-cv-classification/channel_catfish/Screenshot 2021-10-28 at 15.58.52.png,channel_catfish
gs://fish-cv-classification/channel_catfish/Screenshot 2021-10-28 at 15.59.26.png,channel_catfish
gs://fish-cv-classification/channel_catfish/Screenshot 2021-10-28 at 15.59.57.png,channel_catfish
gs://fish-cv-classification/channel_catfish/Screenshot 2021-10-28 at 16.00.19.png,channel_catfish
gs://fish-cv-classification/channel_catfish/Screenshot 2021-10-28 at 16.02.34.png,channel_catfish
gs://fish-cv-classification/channel_catfish/Screenshot 2021-10-28 at 16.03.08.png,channel_catfish
gs://fish-cv-classification/channel_catfish/Screenshot 2021-10-28 at 16.03.34.png,channel_catfish
gs://fish-cv-classification/channel_catfish/Screenshot 2021-10-28 at 16.03.56.png,channel_catfish
gs://fish-cv-classification/channel_catfish/Screenshot 2021-10-28 at 16.04.24.png,channel_catfish
gs://fish-cv-classification/channel_catfish/Screenshot 2021-10-28 at 16.04.42.png,channel_catfish
gs://fish-cv-classification/channel_catfish/Screenshot 2021-10-28 at 16.05.26.png,channel_catfish
gs://fish-cv-classification/channel_catfish/Screenshot 2021-10-28 at 16.08.32.png,channel_catfish
gs://fish-cv-classification/channel_catfish/Screenshot 2021-10-28 at 16.09.01.png,channel_catfish
gs://fish-cv-classification/channel_catfish/Screenshot 2021-10-28 at 16.09.49.png,channel_catfish
gs://fish-cv-classification/channel_catfish/Screenshot 2021-10-28 at 16.10.08.png,channel_catfish
gs://fish-cv-classification/channel_catfish/Screenshot 2021-10-28 at 16.10.48.png,channel_catfish
gs://fish-cv-classification/channel_catfish/Screenshot 2021-10-28 at 16.11.08.png,channel_catfish
gs://fish-cv-classification/channel_catfish/Screenshot 2021-10-28 at 16.11.20.png,channel_catfish
gs://fish-cv-classification/channel_catfish/Screenshot 2021-10-28 at 16.12.48.png,channel_catfish
gs://fish-cv-classification/channel_catfish/Screenshot 2021-10-28 at 16.13.22.png,channel_catfish
gs://fish-cv-classification/channel_catfish/Screenshot 2021-10-28 at 16.13.39.png,channel_catfish
gs://fish-cv-classification/channel_catfish/Screenshot 2021-10-28 at 16.14.00.png,channel_catfish
gs://fish-cv-classification/channel_catfish/Screenshot 2021-10-28 at 16.14.29.png,channel_catfish
gs://fish-cv-classification/channel_catfish/Screenshot 2021-10-28 at 16.15.05.png,channel_catfish
gs://fish-cv-classification/channel_catfish/Screenshot 2021-10-28 at 16.15.41.png,channel_catfish
gs://fish-cv-classification/channel_catfish/Screenshot 2021-10-28 at 16.16.06.png,channel_catfish
gs://fish-cv-classification/channel_catfish/Screenshot 2021-10-28 at 16.16.19.png,channel_catfish
gs://fish-cv-classification/channel_catfish/Screenshot 2021-10-28 at 16.16.38.png,channel_catfish
gs://fish-cv-classification/channel_catfish/Screenshot 2021-10-28 at 16.17.00.png,channel_catfish
gs://fish-cv-classification/channel_catfish/Screenshot 2021-10-28 at 16.17.23.png,channel_catfish
gs://fish-cv-classification/channel_catfish/Screenshot 2021-10-28 at 16.17.47.png,channel_catfish
gs://fish-cv-classification/channel_catfish/Screenshot 2021-10-28 at 16.18.03.png,channel_catfish
gs://fish-cv-classification/channel_catfish/Screenshot 2021-10-28 at 16.18.24.png,channel_catfish
gs://fish-cv-classification/channel_catfish/Screenshot 2021-10-28 at 16.18.50.png,channel_catfish
gs://fish-cv-classification/channel_catfish/Screenshot 2021-10-28 at 16.19.16.png,channel_catfish
gs://fish-cv-classification/channel_catfish/Screenshot 2021-10-28 at 16.19.45.png,channel_catfish
gs://fish-cv-classification/channel_catfish/Screenshot 2021-10-28 at 16.20.07.png,channel_catfish
gs://fish-cv-classification/channel_catfish/Screenshot 2021-10-28 at 16.20.38.png,channel_catfish
gs://fish-cv-classification/channel_catfish/Screenshot 2021-10-28 at 16.21.50.png,channel_catfish
gs://fish-cv-classification/channel_catfish/Screenshot 2021-10-28 at 16.22.13.png,channel_catfish
gs://fish-cv-classification/channel_catfish/Screenshot 2021-10-28 at 16.22.49.png,channel_catfish
gs://fish-cv-classification/channel_catfish/Screenshot 2021-10-28 at 16.23.42.png,channel_catfish
gs://fish-cv-classification/channel_catfish/Screenshot 2021-10-28 at 16.24.07.png,channel_catfish
gs://fish-cv-classification/channel_catfish/Screenshot 2021-10-28 at 16.24.23.png,channel_catfish
gs://fish-cv-classification/channel_catfish/Screenshot 2021-10-28 at 16.24.59.png,channel_catfish
gs://fish-cv-classification/channel_catfish/Screenshot 2021-10-28 at 16.25.27.png,channel_catfish
gs://fish-cv-classification/channel_catfish/Screenshot 2021-10-28 at 16.26.08.png,channel_catfish
gs://fish-cv-classification/channel_catfish/Screenshot 2021-10-28 at 16.26.20.png,channel_catfish
gs://fish-cv-classification/channel_catfish/Screenshot 2021-10-28 at 16.27.02.png,channel_catfish
gs://fish-cv-classification/common_carp/1.jpg,common_carp
gs://fish-cv-classification/common_carp/10.png,common_carp
gs://fish-cv-classification/common_carp/11.jpg,common_carp
gs://fish-cv-classification/common_carp/12.jpg,common_carp
gs://fish-cv-classification/common_carp/13.png,common_carp
gs://fish-cv-classification/common_carp/14.png,common_carp
gs://fish-cv-classification/common_carp/15.png,common_carp
gs://fish-cv-classification/common_carp/16.jpg,common_carp
gs://fish-cv-classification/common_carp/17.jpg,common_carp
gs://fish-cv-classification/common_carp/18.jpg,common_carp
gs://fish-cv-classification/common_carp/19.png,common_carp
gs://fish-cv-classification/common_carp/2.png,common_carp
gs://fish-cv-classification/common_carp/20.png,common_carp
gs://fish-cv-classification/common_carp/21.png,common_carp
gs://fish-cv-classification/common_carp/22.jpg,common_carp
gs://fish-cv-classification/common_carp/23.jpg,common_carp
gs://fish-cv-classification/common_carp/24.jpg,common_carp
gs://fish-cv-classification/common_carp/25.jpg,common_carp
gs://fish-cv-classification/common_carp/26.jpg,common_carp
gs://fish-cv-classification/common_carp/27.png,common_carp
gs://fish-cv-classification/common_carp/28.png,common_carp
gs://fish-cv-classification/common_carp/29.jpg,common_carp
gs://fish-cv-classification/common_carp/3.png,common_carp
gs://fish-cv-classification/common_carp/31.png,common_carp
gs://fish-cv-classification/common_carp/32.jpg,common_carp
gs://fish-cv-classification/common_carp/33.jpg,common_carp
gs://fish-cv-classification/common_carp/34.jpg,common_carp
gs://fish-cv-classification/common_carp/34.png,common_carp
gs://fish-cv-classification/common_carp/35.png,common_carp
gs://fish-cv-classification/common_carp/36.jpg,common_carp
gs://fish-cv-classification/common_carp/37.jpg,common_carp
gs://fish-cv-classification/common_carp/38.jpg,common_carp
gs://fish-cv-classification/common_carp/39.jpg,common_carp
gs://fish-cv-classification/common_carp/4.png,common_carp
gs://fish-cv-classification/common_carp/40.png,common_carp
gs://fish-cv-classification/common_carp/41.png,common_carp
gs://fish-cv-classification/common_carp/42.png,common_carp
gs://fish-cv-classification/common_carp/43.jpg,common_carp
gs://fish-cv-classification/common_carp/44.jpg,common_carp
gs://fish-cv-classification/common_carp/45.png,common_carp
gs://fish-cv-classification/common_carp/46.png,common_carp
gs://fish-cv-classification/common_carp/47.png,common_carp
gs://fish-cv-classification/common_carp/48.png,common_carp
gs://fish-cv-classification/common_carp/49.png,common_carp
gs://fish-cv-classification/common_carp/5.jpg,common_carp
gs://fish-cv-classification/common_carp/50.jpg,common_carp
gs://fish-cv-classification/common_carp/6.jpg,common_carp
gs://fish-cv-classification/common_carp/7.jpg,common_carp
gs://fish-cv-classification/common_carp/8.jpg,common_carp
gs://fish-cv-classification/common_carp/9.jpg,common_carp
gs://fish-cv-classification/freshwater_drum/1.jpg,freshwater_drum
gs://fish-cv-classification/freshwater_drum/10.jpg,freshwater_drum
gs://fish-cv-classification/freshwater_drum/11.jpg,freshwater_drum
gs://fish-cv-classification/freshwater_drum/12.jpg,freshwater_drum
gs://fish-cv-classification/freshwater_drum/13.jpg,freshwater_drum
gs://fish-cv-classification/freshwater_drum/14.png,freshwater_drum
gs://fish-cv-classification/freshwater_drum/15.jpg,freshwater_drum
gs://fish-cv-classification/freshwater_drum/16.jpg,freshwater_drum
gs://fish-cv-classification/freshwater_drum/17.jpg,freshwater_drum
gs://fish-cv-classification/freshwater_drum/18.png,freshwater_drum
gs://fish-cv-classification/freshwater_drum/19.png,freshwater_drum
gs://fish-cv-classification/freshwater_drum/2.png,freshwater_drum
gs://fish-cv-classification/freshwater_drum/20.png,freshwater_drum
gs://fish-cv-classification/freshwater_drum/21.jpg,freshwater_drum
gs://fish-cv-classification/freshwater_drum/22.png,freshwater_drum
gs://fish-cv-classification/freshwater_drum/23.jpg,freshwater_drum
gs://fish-cv-classification/freshwater_drum/24.jpg,freshwater_drum
gs://fish-cv-classification/freshwater_drum/25.jpg,freshwater_drum
gs://fish-cv-classification/freshwater_drum/26.jpg,freshwater_drum
gs://fish-cv-classification/freshwater_drum/27.png,freshwater_drum
gs://fish-cv-classification/freshwater_drum/28.png,freshwater_drum
gs://fish-cv-classification/freshwater_drum/29.jpg,freshwater_drum
gs://fish-cv-classification/freshwater_drum/3.png,freshwater_drum
gs://fish-cv-classification/freshwater_drum/30.png,freshwater_drum
gs://fish-cv-classification/freshwater_drum/31.jpg,freshwater_drum
gs://fish-cv-classification/freshwater_drum/32.jpg,freshwater_drum
gs://fish-cv-classification/freshwater_drum/33.jpg,freshwater_drum
gs://fish-cv-classification/freshwater_drum/34.jpg,freshwater_drum
gs://fish-cv-classification/freshwater_drum/35.jpg,freshwater_drum
gs://fish-cv-classification/freshwater_drum/36.png,freshwater_drum
gs://fish-cv-classification/freshwater_drum/37.png,freshwater_drum
gs://fish-cv-classification/freshwater_drum/38.png,freshwater_drum
gs://fish-cv-classification/freshwater_drum/39.jpg,freshwater_drum
gs://fish-cv-classification/freshwater_drum/4.jpg,freshwater_drum
gs://fish-cv-classification/freshwater_drum/40.jpg,freshwater_drum
gs://fish-cv-classification/freshwater_drum/41.jpg,freshwater_drum
gs://fish-cv-classification/freshwater_drum/42.jpg,freshwater_drum
gs://fish-cv-classification/freshwater_drum/43.png,freshwater_drum
gs://fish-cv-classification/freshwater_drum/44.jpg,freshwater_drum
gs://fish-cv-classification/freshwater_drum/45.jpg,freshwater_drum
gs://fish-cv-classification/freshwater_drum/46.png,freshwater_drum
gs://fish-cv-classification/freshwater_drum/47.png,freshwater_drum
gs://fish-cv-classification/freshwater_drum/48.png,freshwater_drum
gs://fish-cv-classification/freshwater_drum/49.png,freshwater_drum
gs://fish-cv-classification/freshwater_drum/5.jpg,freshwater_drum
gs://fish-cv-classification/freshwater_drum/50.png,freshwater_drum
gs://fish-cv-classification/freshwater_drum/51.png,freshwater_drum
gs://fish-cv-classification/freshwater_drum/6.png,freshwater_drum
gs://fish-cv-classification/freshwater_drum/7.jpg,freshwater_drum
gs://fish-cv-classification/freshwater_drum/8.jpg,freshwater_drum
gs://fish-cv-classification/freshwater_drum/9.jpg,freshwater_drum
gs://fish-cv-classification/lake_trout/1.png,lake_trout
gs://fish-cv-classification/lake_trout/10.png,lake_trout
gs://fish-cv-classification/lake_trout/11.png,lake_trout
gs://fish-cv-classification/lake_trout/12.png,lake_trout
gs://fish-cv-classification/lake_trout/13.png,lake_trout
gs://fish-cv-classification/lake_trout/14.png,lake_trout
gs://fish-cv-classification/lake_trout/15.jpg,lake_trout
gs://fish-cv-classification/lake_trout/16.jpg,lake_trout
gs://fish-cv-classification/lake_trout/17.jpg,lake_trout
gs://fish-cv-classification/lake_trout/18.png,lake_trout
gs://fish-cv-classification/lake_trout/19.png,lake_trout
gs://fish-cv-classification/lake_trout/2.png,lake_trout
gs://fish-cv-classification/lake_trout/20.png,lake_trout
gs://fish-cv-classification/lake_trout/21.jpg,lake_trout
gs://fish-cv-classification/lake_trout/22.jpg,lake_trout
gs://fish-cv-classification/lake_trout/23.png,lake_trout
gs://fish-cv-classification/lake_trout/24.png,lake_trout
gs://fish-cv-classification/lake_trout/25.png,lake_trout
gs://fish-cv-classification/lake_trout/26.png,lake_trout
gs://fish-cv-classification/lake_trout/27.png,lake_trout
gs://fish-cv-classification/lake_trout/28.png,lake_trout
gs://fish-cv-classification/lake_trout/29.png,lake_trout
gs://fish-cv-classification/lake_trout/3.jpg,lake_trout
gs://fish-cv-classification/lake_trout/30.png,lake_trout
gs://fish-cv-classification/lake_trout/31.jpg,lake_trout
gs://fish-cv-classification/lake_trout/32.jpg,lake_trout
gs://fish-cv-classification/lake_trout/33.jpg,lake_trout
gs://fish-cv-classification/lake_trout/34.png,lake_trout
gs://fish-cv-classification/lake_trout/35.png,lake_trout
gs://fish-cv-classification/lake_trout/36.png,lake_trout
gs://fish-cv-classification/lake_trout/37.png,lake_trout
gs://fish-cv-classification/lake_trout/38.jpg,lake_trout
gs://fish-cv-classification/lake_trout/39.jpg,lake_trout
gs://fish-cv-classification/lake_trout/4.png,lake_trout
gs://fish-cv-classification/lake_trout/40.jpg,lake_trout
gs://fish-cv-classification/lake_trout/41.jpg,lake_trout
gs://fish-cv-classification/lake_trout/42.png,lake_trout
gs://fish-cv-classification/lake_trout/43.png,lake_trout
gs://fish-cv-classification/lake_trout/44.jpg,lake_trout
gs://fish-cv-classification/lake_trout/45.jpg,lake_trout
gs://fish-cv-classification/lake_trout/46.jpg,lake_trout
gs://fish-cv-classification/lake_trout/47.png,lake_trout
gs://fish-cv-classification/lake_trout/48.png,lake_trout
gs://fish-cv-classification/lake_trout/49.jpg,lake_trout
gs://fish-cv-classification/lake_trout/5.png,lake_trout
gs://fish-cv-classification/lake_trout/50.jpg,lake_trout
gs://fish-cv-classification/lake_trout/51.png,lake_trout
gs://fish-cv-classification/lake_trout/52.jpg,lake_trout
gs://fish-cv-classification/lake_trout/53.jpg,lake_trout
gs://fish-cv-classification/lake_trout/54.jpg,lake_trout
gs://fish-cv-classification/lake_trout/55.jpg,lake_trout
gs://fish-cv-classification/lake_trout/6.png,lake_trout
gs://fish-cv-classification/lake_trout/7.png,lake_trout
gs://fish-cv-classification/lake_trout/8.png,lake_trout
gs://fish-cv-classification/lake_trout/9.png,lake_trout
gs://fish-cv-classification/largemouth_bass/0krmrr.jpg,largemouth_bass
gs://fish-cv-classification/largemouth_bass/154754736_10157824781335924_4872333989323682842_o.jpg,largemouth_bass
gs://fish-cv-classification/largemouth_bass/16.jpg,largemouth_bass
gs://fish-cv-classification/largemouth_bass/17 Largemouth Bass.jpg,largemouth_bass
gs://fish-cv-classification/largemouth_bass/20190112_151756.jpg,largemouth_bass
gs://fish-cv-classification/largemouth_bass/235vff.jpg,largemouth_bass
gs://fish-cv-classification/largemouth_bass/24.jpg,largemouth_bass
gs://fish-cv-classification/largemouth_bass/26.jpg,largemouth_bass
gs://fish-cv-classification/largemouth_bass/27.png,largemouth_bass
gs://fish-cv-classification/largemouth_bass/29.jpg,largemouth_bass
gs://fish-cv-classification/largemouth_bass/33.jpg,largemouth_bass
gs://fish-cv-classification/largemouth_bass/34.jpg,largemouth_bass
gs://fish-cv-classification/largemouth_bass/3ajnesfg.jpg,largemouth_bass
gs://fish-cv-classification/largemouth_bass/3n45sdr.jpg,largemouth_bass
gs://fish-cv-classification/largemouth_bass/41FE2BD7-084A-4161-8ED0-34ACFE199F4B.jpg,largemouth_bass
gs://fish-cv-classification/largemouth_bass/4hw56u.jpg,largemouth_bass
gs://fish-cv-classification/largemouth_bass/4segfs.jpg,largemouth_bass
gs://fish-cv-classification/largemouth_bass/4y54sy.jpg,largemouth_bass
gs://fish-cv-classification/largemouth_bass/4ys54ys5.jpg,largemouth_bass
gs://fish-cv-classification/largemouth_bass/4ys5ys4.jpg,largemouth_bass
gs://fish-cv-classification/largemouth_bass/56y5d6t.jpg,largemouth_bass
gs://fish-cv-classification/largemouth_bass/58e6js.jpg,largemouth_bass
gs://fish-cv-classification/largemouth_bass/5s6w8785.jpg,largemouth_bass
gs://fish-cv-classification/largemouth_bass/60aLargemouthBass36cmcompressed.jpg,largemouth_bass
gs://fish-cv-classification/largemouth_bass/89jn6rrrr.jpg,largemouth_bass
gs://fish-cv-classification/largemouth_bass/8i7tkt.jpg,largemouth_bass
gs://fish-cv-classification/largemouth_bass/a3g4aeg.jpg,largemouth_bass
gs://fish-cv-classification/largemouth_bass/a3nserth.jpg,largemouth_bass
gs://fish-cv-classification/largemouth_bass/anefgaer.jpg,largemouth_bass
gs://fish-cv-classification/largemouth_bass/attewrr.jpg,largemouth_bass
gs://fish-cv-classification/largemouth_bass/aw4twg.jpg,largemouth_bass
gs://fish-cv-classification/largemouth_bass/cfgjhjcgh.jpg,largemouth_bass
gs://fish-cv-classification/largemouth_bass/cvnbncbv.jpg,largemouth_bass
gs://fish-cv-classification/largemouth_bass/d657d67.jpg,largemouth_bass
gs://fish-cv-classification/largemouth_bass/dgjhft.jpg,largemouth_bass
gs://fish-cv-classification/largemouth_bass/drbhrrd.jpg,largemouth_bass
gs://fish-cv-classification/largemouth_bass/drrjhgc.jpg,largemouth_bass
gs://fish-cv-classification/largemouth_bass/DSCF6357[1].jpg,largemouth_bass
gs://fish-cv-classification/largemouth_bass/e5nggd.jpg,largemouth_bass
gs://fish-cv-classification/largemouth_bass/FBDA163A-0D17-4AA6-AAE0-5B25E8D80BDF.jpg,largemouth_bass
gs://fish-cv-classification/largemouth_bass/fdghdfgjn.jpg,largemouth_bass
gs://fish-cv-classification/largemouth_bass/fingerling-largemouth-bass-14634817.jpg,largemouth_bass
gs://fish-cv-classification/largemouth_bass/fish-largemouth-bass-boat-seat-freshly-caught-being-laid-just-prior-to-its-release-43848180.jpg,largemouth_bass
gs://fish-cv-classification/largemouth_bass/fotw07_29_20largemouthChicagoRiver.0.jpg,largemouth_bass
gs://fish-cv-classification/largemouth_bass/htdtgn.jpg,largemouth_bass
gs://fish-cv-classification/largemouth_bass/IMG_1775.jpg,largemouth_bass
gs://fish-cv-classification/largemouth_bass/IMG_20150515_174622808.jpg,largemouth_bass
gs://fish-cv-classification/largemouth_bass/IMG_6577.jpg,largemouth_bass
gs://fish-cv-classification/largemouth_bass/k7t8k87t.jpg,largemouth_bass
gs://fish-cv-classification/largemouth_bass/khjvhkj.jpg,largemouth_bass
gs://fish-cv-classification/largemouth_bass/KIMG2280 (1).jpg,largemouth_bass
gs://fish-cv-classification/largemouth_bass/kjhgfdyy66.jpg,largemouth_bass
gs://fish-cv-classification/largemouth_bass/kuyggyuk.jpg,largemouth_bass
gs://fish-cv-classification/largemouth_bass/Large mouth Bass 2 mod 00.jpg,largemouth_bass
gs://fish-cv-classification/largemouth_bass/large-mouth-bass-9006525.jpg,largemouth_bass
gs://fish-cv-classification/largemouth_bass/Largemouth bass Tidds 3292017.jpg,largemouth_bass
gs://fish-cv-classification/largemouth_bass/Largemouth Bass100.jpg,largemouth_bass
gs://fish-cv-classification/largemouth_bass/Largemouth Bass_4.jpg,largemouth_bass
gs://fish-cv-classification/largemouth_bass/largemouth-bass-14678206.jpg,largemouth_bass
gs://fish-cv-classification/largemouth_bass/largemouth-bass-grass-leaves-laying-bed-fall-green-44077188.jpg,largemouth_bass
gs://fish-cv-classification/largemouth_bass/largemouth-bass-large-mouth-laying-grass-fishing-lure-its-mouth-51767334.jpg,largemouth_bass
gs://fish-cv-classification/largemouth_bass/largemouth-bass-laying-grass-fishing-lure-its-mouth-40387165.jpg,largemouth_bass
gs://fish-cv-classification/largemouth_bass/LargemouthBass_0.jpg,largemouth_bass
gs://fish-cv-classification/largemouth_bass/largemouth_3.jpg,largemouth_bass
gs://fish-cv-classification/largemouth_bass/Largemouth_Bass.jpg,largemouth_bass
gs://fish-cv-classification/largemouth_bass/lmbass.jpg,largemouth_bass
gs://fish-cv-classification/largemouth_bass/lmbassmay2019a.jpg,largemouth_bass
gs://fish-cv-classification/largemouth_bass/lmb_2.jpg,largemouth_bass
gs://fish-cv-classification/largemouth_bass/mrtysws.jpg,largemouth_bass
gs://fish-cv-classification/largemouth_bass/myesest.jpg,largemouth_bass
gs://fish-cv-classification/largemouth_bass/nycffu.jpg,largemouth_bass
gs://fish-cv-classification/largemouth_bass/q3y4qy.jpg,largemouth_bass
gs://fish-cv-classification/largemouth_bass/q3yqy4.jpg,largemouth_bass
gs://fish-cv-classification/largemouth_bass/received_471530019868038_0.jpg,largemouth_bass
gs://fish-cv-classification/largemouth_bass/s4e6nsn.jpg,largemouth_bass
gs://fish-cv-classification/largemouth_bass/s4y5y54s.jpg,largemouth_bass
gs://fish-cv-classification/largemouth_bass/s745njhs.jpg,largemouth_bass
gs://fish-cv-classification/largemouth_bass/Screenshot 2021-10-16 153531.jpg,largemouth_bass
gs://fish-cv-classification/largemouth_bass/Screenshot 2021-10-16 153606.jpg,largemouth_bass
gs://fish-cv-classification/largemouth_bass/Screenshot 2021-10-16 153814.jpg,largemouth_bass
gs://fish-cv-classification/largemouth_bass/Screenshot 2021-10-16 154957.jpg,largemouth_bass
gs://fish-cv-classification/largemouth_bass/Screenshot 2021-10-16 155022.jpg,largemouth_bass
gs://fish-cv-classification/largemouth_bass/Screenshot 2021-10-16 155054.jpg,largemouth_bass
gs://fish-cv-classification/largemouth_bass/Screenshot 2021-10-16 162216.jpg,largemouth_bass
gs://fish-cv-classification/largemouth_bass/sdfgs43.jpg,largemouth_bass
gs://fish-cv-classification/largemouth_bass/seed2.jpg,largemouth_bass
gs://fish-cv-classification/largemouth_bass/setny453.jpg,largemouth_bass
gs://fish-cv-classification/largemouth_bass/smefgse.jpg,largemouth_bass
gs://fish-cv-classification/largemouth_bass/sn5775.jpg,largemouth_bass
gs://fish-cv-classification/largemouth_bass/snrthrt.jpg,largemouth_bass
gs://fish-cv-classification/largemouth_bass/sterster.jpg,largemouth_bass
gs://fish-cv-classification/largemouth_bass/trophy-largemouth-bass-pound-caught-fisherman-small-reservoir-northern-california-40301352.jpg,largemouth_bass
gs://fish-cv-classification/largemouth_bass/trsghnb.jpg,largemouth_bass
gs://fish-cv-classification/largemouth_bass/u6e4ne.jpg,largemouth_bass
gs://fish-cv-classification/largemouth_bass/u6tryujr.jpg,largemouth_bass
gs://fish-cv-classification/largemouth_bass/w35yb5g.jpg,largemouth_bass
gs://fish-cv-classification/largemouth_bass/xfhghfgx.jpg,largemouth_bass
gs://fish-cv-classification/largemouth_bass/xjfhg.jpg,largemouth_bass
gs://fish-cv-classification/largemouth_bass/y5ndfty.jpg,largemouth_bass
gs://fish-cv-classification/largemouth_bass/yfnne.jpg,largemouth_bass
gs://fish-cv-classification/largemouth_bass/ytsrn5s.jpg,largemouth_bass
gs://fish-cv-classification/northern_pike/1.png,northern_pike
gs://fish-cv-classification/northern_pike/10.jpg,northern_pike
gs://fish-cv-classification/northern_pike/11.jpg,northern_pike
gs://fish-cv-classification/northern_pike/12.jpg,northern_pike
gs://fish-cv-classification/northern_pike/13.jpg,northern_pike
gs://fish-cv-classification/northern_pike/14.jpg,northern_pike
gs://fish-cv-classification/northern_pike/15.jpg,northern_pike
gs://fish-cv-classification/northern_pike/16.png,northern_pike
gs://fish-cv-classification/northern_pike/17.png,northern_pike
gs://fish-cv-classification/northern_pike/18.png,northern_pike
gs://fish-cv-classification/northern_pike/19.jpg,northern_pike
gs://fish-cv-classification/northern_pike/2.jpg,northern_pike
gs://fish-cv-classification/northern_pike/20.jpg,northern_pike
gs://fish-cv-classification/northern_pike/21.jpg,northern_pike
gs://fish-cv-classification/northern_pike/22.jpg,northern_pike
gs://fish-cv-classification/northern_pike/23.jpg,northern_pike
gs://fish-cv-classification/northern_pike/24.jpg,northern_pike
gs://fish-cv-classification/northern_pike/25.jpg,northern_pike
gs://fish-cv-classification/northern_pike/26.png,northern_pike
gs://fish-cv-classification/northern_pike/27.png,northern_pike
gs://fish-cv-classification/northern_pike/28.png,northern_pike
gs://fish-cv-classification/northern_pike/29.png,northern_pike
gs://fish-cv-classification/northern_pike/3.jpg,northern_pike
gs://fish-cv-classification/northern_pike/30.png,northern_pike
gs://fish-cv-classification/northern_pike/31.png,northern_pike
gs://fish-cv-classification/northern_pike/32.png,northern_pike
gs://fish-cv-classification/northern_pike/33.jpg,northern_pike
gs://fish-cv-classification/northern_pike/33.png,northern_pike
gs://fish-cv-classification/northern_pike/34.jpg,northern_pike
gs://fish-cv-classification/northern_pike/34.png,northern_pike
gs://fish-cv-classification/northern_pike/35.png,northern_pike
gs://fish-cv-classification/northern_pike/36.jpg,northern_pike
gs://fish-cv-classification/northern_pike/37.jpg,northern_pike
gs://fish-cv-classification/northern_pike/38.jpg,northern_pike
gs://fish-cv-classification/northern_pike/39.png,northern_pike
gs://fish-cv-classification/northern_pike/4.jpg,northern_pike
gs://fish-cv-classification/northern_pike/40.png,northern_pike
gs://fish-cv-classification/northern_pike/41.png,northern_pike
gs://fish-cv-classification/northern_pike/42.png,northern_pike
gs://fish-cv-classification/northern_pike/43.jpg,northern_pike
gs://fish-cv-classification/northern_pike/44.png,northern_pike
gs://fish-cv-classification/northern_pike/45.jpg,northern_pike
gs://fish-cv-classification/northern_pike/46.png,northern_pike
gs://fish-cv-classification/northern_pike/47.png,northern_pike
gs://fish-cv-classification/northern_pike/48.png,northern_pike
gs://fish-cv-classification/northern_pike/49.png,northern_pike
gs://fish-cv-classification/northern_pike/5.jpg,northern_pike
gs://fish-cv-classification/northern_pike/50.jpg,northern_pike
gs://fish-cv-classification/northern_pike/6.jpg,northern_pike
gs://fish-cv-classification/northern_pike/7.jpg,northern_pike
gs://fish-cv-classification/northern_pike/8.jpg,northern_pike
gs://fish-cv-classification/northern_pike/9.jpg,northern_pike
gs://fish-cv-classification/rainbow_trout/1.jpg,rainbow_trout
gs://fish-cv-classification/rainbow_trout/10.jpg,rainbow_trout
gs://fish-cv-classification/rainbow_trout/11.png,rainbow_trout
gs://fish-cv-classification/rainbow_trout/12.png,rainbow_trout
gs://fish-cv-classification/rainbow_trout/13.png,rainbow_trout
gs://fish-cv-classification/rainbow_trout/14.png,rainbow_trout
gs://fish-cv-classification/rainbow_trout/15.jpg,rainbow_trout
gs://fish-cv-classification/rainbow_trout/16.jpg,rainbow_trout
gs://fish-cv-classification/rainbow_trout/17.jpg,rainbow_trout
gs://fish-cv-classification/rainbow_trout/18.jpg,rainbow_trout
gs://fish-cv-classification/rainbow_trout/19.jpg,rainbow_trout
gs://fish-cv-classification/rainbow_trout/2.jpg,rainbow_trout
gs://fish-cv-classification/rainbow_trout/20.jpg,rainbow_trout
gs://fish-cv-classification/rainbow_trout/21.jpg,rainbow_trout
gs://fish-cv-classification/rainbow_trout/22.jpg,rainbow_trout
gs://fish-cv-classification/rainbow_trout/23.jpg,rainbow_trout
gs://fish-cv-classification/rainbow_trout/24.jpg,rainbow_trout
gs://fish-cv-classification/rainbow_trout/25.png,rainbow_trout
gs://fish-cv-classification/rainbow_trout/26.png,rainbow_trout
gs://fish-cv-classification/rainbow_trout/27.jpg,rainbow_trout
gs://fish-cv-classification/rainbow_trout/28.png,rainbow_trout
gs://fish-cv-classification/rainbow_trout/29.jpg,rainbow_trout
gs://fish-cv-classification/rainbow_trout/3.jpg,rainbow_trout
gs://fish-cv-classification/rainbow_trout/30.jpg,rainbow_trout
gs://fish-cv-classification/rainbow_trout/31.jpg,rainbow_trout
gs://fish-cv-classification/rainbow_trout/32.jpg,rainbow_trout
gs://fish-cv-classification/rainbow_trout/33.jpg,rainbow_trout
gs://fish-cv-classification/rainbow_trout/34.jpg,rainbow_trout
gs://fish-cv-classification/rainbow_trout/35.jpg,rainbow_trout
gs://fish-cv-classification/rainbow_trout/36.jpg,rainbow_trout
gs://fish-cv-classification/rainbow_trout/37.jpg,rainbow_trout
gs://fish-cv-classification/rainbow_trout/38.jpg,rainbow_trout
gs://fish-cv-classification/rainbow_trout/39.png,rainbow_trout
gs://fish-cv-classification/rainbow_trout/4.jpg,rainbow_trout
gs://fish-cv-classification/rainbow_trout/40.jpg,rainbow_trout
gs://fish-cv-classification/rainbow_trout/41.jpg,rainbow_trout
gs://fish-cv-classification/rainbow_trout/42.jpg,rainbow_trout
gs://fish-cv-classification/rainbow_trout/43.jpg,rainbow_trout
gs://fish-cv-classification/rainbow_trout/44.jpg,rainbow_trout
gs://fish-cv-classification/rainbow_trout/45.jpg,rainbow_trout
gs://fish-cv-classification/rainbow_trout/46.jpg,rainbow_trout
gs://fish-cv-classification/rainbow_trout/47.jpg,rainbow_trout
gs://fish-cv-classification/rainbow_trout/48.jpg,rainbow_trout
gs://fish-cv-classification/rainbow_trout/49.jpg,rainbow_trout
gs://fish-cv-classification/rainbow_trout/5.jpg,rainbow_trout
gs://fish-cv-classification/rainbow_trout/50.jpg,rainbow_trout
gs://fish-cv-classification/rainbow_trout/51.jpg,rainbow_trout
gs://fish-cv-classification/rainbow_trout/52.jpg,rainbow_trout
gs://fish-cv-classification/rainbow_trout/53.jpg,rainbow_trout
gs://fish-cv-classification/rainbow_trout/54.png,rainbow_trout
gs://fish-cv-classification/rainbow_trout/6.jpg,rainbow_trout
gs://fish-cv-classification/rainbow_trout/7.jpg,rainbow_trout
gs://fish-cv-classification/rainbow_trout/8.jpg,rainbow_trout
gs://fish-cv-classification/rainbow_trout/9.jpg,rainbow_trout
gs://fish-cv-classification/rock_bass/1.jpg,rock_bass
gs://fish-cv-classification/rock_bass/10.png,rock_bass
gs://fish-cv-classification/rock_bass/11.png,rock_bass
gs://fish-cv-classification/rock_bass/12.jpg,rock_bass
gs://fish-cv-classification/rock_bass/13.jpg,rock_bass
gs://fish-cv-classification/rock_bass/14.jpg,rock_bass
gs://fish-cv-classification/rock_bass/15.jpg,rock_bass
gs://fish-cv-classification/rock_bass/16.jpg,rock_bass
gs://fish-cv-classification/rock_bass/17.jpg,rock_bass
gs://fish-cv-classification/rock_bass/18.png,rock_bass
gs://fish-cv-classification/rock_bass/19.png,rock_bass
gs://fish-cv-classification/rock_bass/2.jpg,rock_bass
gs://fish-cv-classification/rock_bass/20.png,rock_bass
gs://fish-cv-classification/rock_bass/21.jpg,rock_bass
gs://fish-cv-classification/rock_bass/22.jpg,rock_bass
gs://fish-cv-classification/rock_bass/23.jpg,rock_bass
gs://fish-cv-classification/rock_bass/24.jpg,rock_bass
gs://fish-cv-classification/rock_bass/25.jpg,rock_bass
gs://fish-cv-classification/rock_bass/26.jpg,rock_bass
gs://fish-cv-classification/rock_bass/27.png,rock_bass
gs://fish-cv-classification/rock_bass/28.jpg,rock_bass
gs://fish-cv-classification/rock_bass/29.jpg,rock_bass
gs://fish-cv-classification/rock_bass/3.jpg,rock_bass
gs://fish-cv-classification/rock_bass/30.jpg,rock_bass
gs://fish-cv-classification/rock_bass/31.png,rock_bass
gs://fish-cv-classification/rock_bass/32.jpg,rock_bass
gs://fish-cv-classification/rock_bass/33.jpg,rock_bass
gs://fish-cv-classification/rock_bass/34.jpg,rock_bass
gs://fish-cv-classification/rock_bass/35.jpg,rock_bass
gs://fish-cv-classification/rock_bass/36.jpg,rock_bass
gs://fish-cv-classification/rock_bass/37.jpg,rock_bass
gs://fish-cv-classification/rock_bass/38.jpg,rock_bass
gs://fish-cv-classification/rock_bass/39.jpg,rock_bass
gs://fish-cv-classification/rock_bass/4.jpg,rock_bass
gs://fish-cv-classification/rock_bass/40.jpg,rock_bass
gs://fish-cv-classification/rock_bass/41.jpg,rock_bass
gs://fish-cv-classification/rock_bass/42.jpg,rock_bass
gs://fish-cv-classification/rock_bass/43.jpg,rock_bass
gs://fish-cv-classification/rock_bass/44.jpg,rock_bass
gs://fish-cv-classification/rock_bass/45.jpg,rock_bass
gs://fish-cv-classification/rock_bass/46.jpg,rock_bass
gs://fish-cv-classification/rock_bass/47.jpg,rock_bass
gs://fish-cv-classification/rock_bass/48.jpg,rock_bass
gs://fish-cv-classification/rock_bass/49.jpg,rock_bass
gs://fish-cv-classification/rock_bass/5.jpg,rock_bass
gs://fish-cv-classification/rock_bass/50.jpg,rock_bass
gs://fish-cv-classification/rock_bass/51.jpg,rock_bass
gs://fish-cv-classification/rock_bass/52.jpg,rock_bass
gs://fish-cv-classification/rock_bass/6.jpg,rock_bass
gs://fish-cv-classification/rock_bass/7.png,rock_bass
gs://fish-cv-classification/rock_bass/8.jpg,rock_bass
gs://fish-cv-classification/rock_bass/9.png,rock_bass
gs://fish-cv-classification/smallmouth_bass/1.png,smallmouth_bass
gs://fish-cv-classification/smallmouth_bass/10.jpg,smallmouth_bass
gs://fish-cv-classification/smallmouth_bass/11.png,smallmouth_bass
gs://fish-cv-classification/smallmouth_bass/12.png,smallmouth_bass
gs://fish-cv-classification/smallmouth_bass/13.jpg,smallmouth_bass
gs://fish-cv-classification/smallmouth_bass/14.jpg,smallmouth_bass
gs://fish-cv-classification/smallmouth_bass/15.jpg,smallmouth_bass
gs://fish-cv-classification/smallmouth_bass/16.jpg,smallmouth_bass
gs://fish-cv-classification/smallmouth_bass/17.jpg,smallmouth_bass
gs://fish-cv-classification/smallmouth_bass/18.jpg,smallmouth_bass
gs://fish-cv-classification/smallmouth_bass/19.jpg,smallmouth_bass
gs://fish-cv-classification/smallmouth_bass/2.jpg,smallmouth_bass
gs://fish-cv-classification/smallmouth_bass/20.png,smallmouth_bass
gs://fish-cv-classification/smallmouth_bass/21.png,smallmouth_bass
gs://fish-cv-classification/smallmouth_bass/22.jpg,smallmouth_bass
gs://fish-cv-classification/smallmouth_bass/23.jpg,smallmouth_bass
gs://fish-cv-classification/smallmouth_bass/24.png,smallmouth_bass
gs://fish-cv-classification/smallmouth_bass/25.png,smallmouth_bass
gs://fish-cv-classification/smallmouth_bass/26.png,smallmouth_bass
gs://fish-cv-classification/smallmouth_bass/27.jpg,smallmouth_bass
gs://fish-cv-classification/smallmouth_bass/28.jpg,smallmouth_bass
gs://fish-cv-classification/smallmouth_bass/29.png,smallmouth_bass
gs://fish-cv-classification/smallmouth_bass/3.jpg,smallmouth_bass
gs://fish-cv-classification/smallmouth_bass/30.png,smallmouth_bass
gs://fish-cv-classification/smallmouth_bass/31.png,smallmouth_bass
gs://fish-cv-classification/smallmouth_bass/32.jpg,smallmouth_bass
gs://fish-cv-classification/smallmouth_bass/33.jpg,smallmouth_bass
gs://fish-cv-classification/smallmouth_bass/34.jpg,smallmouth_bass
gs://fish-cv-classification/smallmouth_bass/35.jpg,smallmouth_bass
gs://fish-cv-classification/smallmouth_bass/36.png,smallmouth_bass
gs://fish-cv-classification/smallmouth_bass/37.jpg,smallmouth_bass
gs://fish-cv-classification/smallmouth_bass/38.png,smallmouth_bass
gs://fish-cv-classification/smallmouth_bass/39.png,smallmouth_bass
gs://fish-cv-classification/smallmouth_bass/4.jpg,smallmouth_bass
gs://fish-cv-classification/smallmouth_bass/40.jpg,smallmouth_bass
gs://fish-cv-classification/smallmouth_bass/41.jpg,smallmouth_bass
gs://fish-cv-classification/smallmouth_bass/42.jpg,smallmouth_bass
gs://fish-cv-classification/smallmouth_bass/43.jpg,smallmouth_bass
gs://fish-cv-classification/smallmouth_bass/44.jpg,smallmouth_bass
gs://fish-cv-classification/smallmouth_bass/45.jpg,smallmouth_bass
gs://fish-cv-classification/smallmouth_bass/46.jpg,smallmouth_bass
gs://fish-cv-classification/smallmouth_bass/47.png,smallmouth_bass
gs://fish-cv-classification/smallmouth_bass/48.png,smallmouth_bass
gs://fish-cv-classification/smallmouth_bass/49.png,smallmouth_bass
gs://fish-cv-classification/smallmouth_bass/5.jpg,smallmouth_bass
gs://fish-cv-classification/smallmouth_bass/50.jpg,smallmouth_bass
gs://fish-cv-classification/smallmouth_bass/6.jpg,smallmouth_bass
gs://fish-cv-classification/smallmouth_bass/7.jpg,smallmouth_bass
gs://fish-cv-classification/smallmouth_bass/8.jpg,smallmouth_bass
gs://fish-cv-classification/smallmouth_bass/9.jpg,smallmouth_bass
gs://fish-cv-classification/spotted_bass/1.png,spotted_bass
gs://fish-cv-classification/spotted_bass/10.png,spotted_bass
gs://fish-cv-classification/spotted_bass/11.png,spotted_bass
gs://fish-cv-classification/spotted_bass/12.png,spotted_bass
gs://fish-cv-classification/spotted_bass/13.png,spotted_bass
gs://fish-cv-classification/spotted_bass/14.png,spotted_bass
gs://fish-cv-classification/spotted_bass/15.jpg,spotted_bass
gs://fish-cv-classification/spotted_bass/16.jpg,spotted_bass
gs://fish-cv-classification/spotted_bass/17.jpg,spotted_bass
gs://fish-cv-classification/spotted_bass/18.jpg,spotted_bass
gs://fish-cv-classification/spotted_bass/19.jpg,spotted_bass
gs://fish-cv-classification/spotted_bass/2.png,spotted_bass
gs://fish-cv-classification/spotted_bass/20.jpg,spotted_bass
gs://fish-cv-classification/spotted_bass/21.jpg,spotted_bass
gs://fish-cv-classification/spotted_bass/22.jpg,spotted_bass
gs://fish-cv-classification/spotted_bass/23.png,spotted_bass
gs://fish-cv-classification/spotted_bass/24.jpg,spotted_bass
gs://fish-cv-classification/spotted_bass/25.jpg,spotted_bass
gs://fish-cv-classification/spotted_bass/26.jpg,spotted_bass
gs://fish-cv-classification/spotted_bass/27.jpg,spotted_bass
gs://fish-cv-classification/spotted_bass/28.png,spotted_bass
gs://fish-cv-classification/spotted_bass/29.jpg,spotted_bass
gs://fish-cv-classification/spotted_bass/3.jpg,spotted_bass
gs://fish-cv-classification/spotted_bass/30.jpg,spotted_bass
gs://fish-cv-classification/spotted_bass/31.jpg,spotted_bass
gs://fish-cv-classification/spotted_bass/32.png,spotted_bass
gs://fish-cv-classification/spotted_bass/33.jpg,spotted_bass
gs://fish-cv-classification/spotted_bass/34.jpg,spotted_bass
gs://fish-cv-classification/spotted_bass/35.jpg,spotted_bass
gs://fish-cv-classification/spotted_bass/36.jpg,spotted_bass
gs://fish-cv-classification/spotted_bass/37.png,spotted_bass
gs://fish-cv-classification/spotted_bass/38.jpg,spotted_bass
gs://fish-cv-classification/spotted_bass/39.jpg,spotted_bass
gs://fish-cv-classification/spotted_bass/4.png,spotted_bass
gs://fish-cv-classification/spotted_bass/40.jpg,spotted_bass
gs://fish-cv-classification/spotted_bass/41.jpg,spotted_bass
gs://fish-cv-classification/spotted_bass/42.jpg,spotted_bass
gs://fish-cv-classification/spotted_bass/43.jpg,spotted_bass
gs://fish-cv-classification/spotted_bass/44.jpg,spotted_bass
gs://fish-cv-classification/spotted_bass/45.jpg,spotted_bass
gs://fish-cv-classification/spotted_bass/46.jpg,spotted_bass
gs://fish-cv-classification/spotted_bass/47.jpg,spotted_bass
gs://fish-cv-classification/spotted_bass/48.jpg,spotted_bass
gs://fish-cv-classification/spotted_bass/49.jpg,spotted_bass
gs://fish-cv-classification/spotted_bass/5.jpg,spotted_bass
gs://fish-cv-classification/spotted_bass/50.png,spotted_bass
gs://fish-cv-classification/spotted_bass/6.jpg,spotted_bass
gs://fish-cv-classification/spotted_bass/7.jpg,spotted_bass
gs://fish-cv-classification/spotted_bass/8.jpg,spotted_bass
gs://fish-cv-classification/spotted_bass/9.png,spotted_bass
gs://fish-cv-classification/striped_bass/1.png,striped_bass
gs://fish-cv-classification/striped_bass/10.jpg,striped_bass
gs://fish-cv-classification/striped_bass/11.png,striped_bass
gs://fish-cv-classification/striped_bass/12.png,striped_bass
gs://fish-cv-classification/striped_bass/13.jpg,striped_bass
gs://fish-cv-classification/striped_bass/14.jpg,striped_bass
gs://fish-cv-classification/striped_bass/15.png,striped_bass
gs://fish-cv-classification/striped_bass/16.jpg,striped_bass
gs://fish-cv-classification/striped_bass/17.png,striped_bass
gs://fish-cv-classification/striped_bass/18.jpg,striped_bass
gs://fish-cv-classification/striped_bass/19.jpg,striped_bass
gs://fish-cv-classification/striped_bass/2.jpg,striped_bass
gs://fish-cv-classification/striped_bass/20.jpg,striped_bass
gs://fish-cv-classification/striped_bass/21.png,striped_bass
gs://fish-cv-classification/striped_bass/22.png,striped_bass
gs://fish-cv-classification/striped_bass/23.png,striped_bass
gs://fish-cv-classification/striped_bass/24.png,striped_bass
gs://fish-cv-classification/striped_bass/25.png,striped_bass
gs://fish-cv-classification/striped_bass/26.png,striped_bass
gs://fish-cv-classification/striped_bass/27.png,striped_bass
gs://fish-cv-classification/striped_bass/28.jpg,striped_bass
gs://fish-cv-classification/striped_bass/29.jpg,striped_bass
gs://fish-cv-classification/striped_bass/3.jpg,striped_bass
gs://fish-cv-classification/striped_bass/30.jpg,striped_bass
gs://fish-cv-classification/striped_bass/31.jpg,striped_bass
gs://fish-cv-classification/striped_bass/32.png,striped_bass
gs://fish-cv-classification/striped_bass/33.jpg,striped_bass
gs://fish-cv-classification/striped_bass/34.jpg,striped_bass
gs://fish-cv-classification/striped_bass/35.jpg,striped_bass
gs://fish-cv-classification/striped_bass/36.jpg,striped_bass
gs://fish-cv-classification/striped_bass/37.jpg,striped_bass
gs://fish-cv-classification/striped_bass/38.jpg,striped_bass
gs://fish-cv-classification/striped_bass/39.jpg,striped_bass
gs://fish-cv-classification/striped_bass/4.jpg,striped_bass
gs://fish-cv-classification/striped_bass/40.jpg,striped_bass
gs://fish-cv-classification/striped_bass/41.jpg,striped_bass
gs://fish-cv-classification/striped_bass/42.jpg,striped_bass
gs://fish-cv-classification/striped_bass/43.jpg,striped_bass
gs://fish-cv-classification/striped_bass/44.jpg,striped_bass
gs://fish-cv-classification/striped_bass/45.jpg,striped_bass
gs://fish-cv-classification/striped_bass/46.png,striped_bass
gs://fish-cv-classification/striped_bass/47.jpg,striped_bass
gs://fish-cv-classification/striped_bass/48.jpg,striped_bass
gs://fish-cv-classification/striped_bass/49.png,striped_bass
gs://fish-cv-classification/striped_bass/5.png,striped_bass
gs://fish-cv-classification/striped_bass/50.png,striped_bass
gs://fish-cv-classification/striped_bass/51.jpg,striped_bass
gs://fish-cv-classification/striped_bass/52.png,striped_bass
gs://fish-cv-classification/striped_bass/6.jpg,striped_bass
gs://fish-cv-classification/striped_bass/7.jpg,striped_bass
gs://fish-cv-classification/striped_bass/8.jpg,striped_bass
gs://fish-cv-classification/striped_bass/9.png,striped_bass
gs://fish-cv-classification/walleye/1.png,walleye
gs://fish-cv-classification/walleye/10.png,walleye
gs://fish-cv-classification/walleye/11.jpg,walleye
gs://fish-cv-classification/walleye/12.jpg,walleye
gs://fish-cv-classification/walleye/13.jpg,walleye
gs://fish-cv-classification/walleye/14.jpg,walleye
gs://fish-cv-classification/walleye/15.jpg,walleye
gs://fish-cv-classification/walleye/16.jpg,walleye
gs://fish-cv-classification/walleye/17.jpg,walleye
gs://fish-cv-classification/walleye/18.png,walleye
gs://fish-cv-classification/walleye/19.jpg,walleye
gs://fish-cv-classification/walleye/2.jpg,walleye
gs://fish-cv-classification/walleye/20.png,walleye
gs://fish-cv-classification/walleye/21.jpg,walleye
gs://fish-cv-classification/walleye/22.jpg,walleye
gs://fish-cv-classification/walleye/23.jpg,walleye
gs://fish-cv-classification/walleye/24.jpg,walleye
gs://fish-cv-classification/walleye/25.png,walleye
gs://fish-cv-classification/walleye/26.png,walleye
gs://fish-cv-classification/walleye/27.jpg,walleye
gs://fish-cv-classification/walleye/28.png,walleye
gs://fish-cv-classification/walleye/29.jpg,walleye
gs://fish-cv-classification/walleye/3.jpg,walleye
gs://fish-cv-classification/walleye/30.jpg,walleye
gs://fish-cv-classification/walleye/31.jpg,walleye
gs://fish-cv-classification/walleye/32.jpg,walleye
gs://fish-cv-classification/walleye/33.jpg,walleye
gs://fish-cv-classification/walleye/34.jpg,walleye
gs://fish-cv-classification/walleye/35.jpg,walleye
gs://fish-cv-classification/walleye/36.jpg,walleye
gs://fish-cv-classification/walleye/37.png,walleye
gs://fish-cv-classification/walleye/38.jpg,walleye
gs://fish-cv-classification/walleye/39.png,walleye
gs://fish-cv-classification/walleye/4.jpg,walleye
gs://fish-cv-classification/walleye/40.png,walleye
gs://fish-cv-classification/walleye/41.png,walleye
gs://fish-cv-classification/walleye/42.jpg,walleye
gs://fish-cv-classification/walleye/43.png,walleye
gs://fish-cv-classification/walleye/44.png,walleye
gs://fish-cv-classification/walleye/45.jpg,walleye
gs://fish-cv-classification/walleye/46.png,walleye
gs://fish-cv-classification/walleye/47.jpg,walleye
gs://fish-cv-classification/walleye/48.jpg,walleye
gs://fish-cv-classification/walleye/49.jpg,walleye
gs://fish-cv-classification/walleye/5.jpg,walleye
gs://fish-cv-classification/walleye/50.png,walleye
gs://fish-cv-classification/walleye/51.jpg,walleye
gs://fish-cv-classification/walleye/52.png,walleye
gs://fish-cv-classification/walleye/53.jpg,walleye
gs://fish-cv-classification/walleye/6.jpg,walleye
gs://fish-cv-classification/walleye/7.jpg,walleye
gs://fish-cv-classification/walleye/8.jpg,walleye
gs://fish-cv-classification/walleye/9.jpg,walleye
gs://fish-cv-classification/white_bass/02.jpg-1024x686.jpg,white_bass
gs://fish-cv-classification/white_bass/0857085.jpg,white_bass
gs://fish-cv-classification/white_bass/13455314.jpg,white_bass
gs://fish-cv-classification/white_bass/13h5nh53n.jpg,white_bass
gs://fish-cv-classification/white_bass/1955131+Darren Horter white bass.jpg,white_bass
gs://fish-cv-classification/white_bass/1b2g42g.jpg,white_bass
gs://fish-cv-classification/white_bass/35yu53hyer4.jpg,white_bass
gs://fish-cv-classification/white_bass/37am57m.jpg,white_bass
gs://fish-cv-classification/white_bass/415321435.jpg,white_bass
gs://fish-cv-classification/white_bass/463jj46.jpg,white_bass
gs://fish-cv-classification/white_bass/468846.jpg,white_bass
gs://fish-cv-classification/white_bass/4w6un4wn6.jpg,white_bass
gs://fish-cv-classification/white_bass/5132009-32-whitebass3-420.jpg,white_bass
gs://fish-cv-classification/white_bass/58a4b14ba9562.image.jpg,white_bass
gs://fish-cv-classification/white_bass/5945348a-1c1c-4f8b-8e5b-75926d75e031-white_bass.jpg,white_bass
gs://fish-cv-classification/white_bass/597957.jpg,white_bass
gs://fish-cv-classification/white_bass/5a0a6c9066b01b0ba8dcda2f_800.jpg,white_bass
gs://fish-cv-classification/white_bass/5d798id57.jpg,white_bass
gs://fish-cv-classification/white_bass/67058b25-c5c5-4d8a-807d-92e22c.jpg,white_bass
gs://fish-cv-classification/white_bass/6B599F6D1FEC4CD995FF5F5C60EAA0F5.jpg,white_bass
gs://fish-cv-classification/white_bass/73fabfc064ae3c8fd4f2fd2dd2e4373f.jpg,white_bass
gs://fish-cv-classification/white_bass/7451754.jpg,white_bass
gs://fish-cv-classification/white_bass/79582display.jpg,white_bass
gs://fish-cv-classification/white_bass/79583display.jpg,white_bass
gs://fish-cv-classification/white_bass/82568526.jpg,white_bass
gs://fish-cv-classification/white_bass/957957.jpg,white_bass
gs://fish-cv-classification/white_bass/a3m5737m.jpg,white_bass
gs://fish-cv-classification/white_bass/a3w4te4a3.jpg,white_bass
gs://fish-cv-classification/white_bass/aw455a4w.jpg,white_bass
gs://fish-cv-classification/white_bass/DHO2Bo5UwAAuB-b.jpg,white_bass
gs://fish-cv-classification/white_bass/em5y54m.jpg,white_bass
gs://fish-cv-classification/white_bass/gaf-whitebassontherun-big.jpg,white_bass
gs://fish-cv-classification/white_bass/Gasaway-CarlyleLakeWhiteBass.jpg,white_bass
gs://fish-cv-classification/white_bass/hhsetht.jpg,white_bass
gs://fish-cv-classification/white_bass/idtyuitdi.jpg,white_bass
gs://fish-cv-classification/white_bass/j5e7y5jy.jpg,white_bass
gs://fish-cv-classification/white_bass/jig-white-bass.jpg,white_bass
gs://fish-cv-classification/white_bass/k678k67e.jpg,white_bass
gs://fish-cv-classification/white_bass/large.jpg,white_bass
gs://fish-cv-classification/white_bass/maxresdefault.jpg,white_bass
gs://fish-cv-classification/white_bass/metmhjrty.jpg,white_bass
gs://fish-cv-classification/white_bass/nb8uxonf71u11.jpg,white_bass
gs://fish-cv-classification/white_bass/OD-WHITE-BASS_t600.jpg,white_bass
gs://fish-cv-classification/white_bass/pic_lake_texoma_fishing_reports_0b678cfa9a1.png,white_bass
gs://fish-cv-classification/white_bass/q34h5h354.jpg,white_bass
gs://fish-cv-classification/white_bass/s345sef.jpg,white_bass
gs://fish-cv-classification/white_bass/s5bes5be6.jpg,white_bass
gs://fish-cv-classification/white_bass/Screenshot 2021-11-07 194719.png,white_bass
gs://fish-cv-classification/white_bass/Screenshot 2021-11-07 200407.png,white_bass
gs://fish-cv-classification/white_bass/se72w4y0cov71.jpg,white_bass
gs://fish-cv-classification/white_crappie/1.jpg,white_crappie
gs://fish-cv-classification/white_crappie/10.jpg,white_crappie
gs://fish-cv-classification/white_crappie/101.png,white_crappie
gs://fish-cv-classification/white_crappie/102.png,white_crappie
gs://fish-cv-classification/white_crappie/103.png,white_crappie
gs://fish-cv-classification/white_crappie/104.png,white_crappie
gs://fish-cv-classification/white_crappie/105.png,white_crappie
gs://fish-cv-classification/white_crappie/106.png,white_crappie
gs://fish-cv-classification/white_crappie/107.png,white_crappie
gs://fish-cv-classification/white_crappie/108.png,white_crappie
gs://fish-cv-classification/white_crappie/109.png,white_crappie
gs://fish-cv-classification/white_crappie/11.jpg,white_crappie
gs://fish-cv-classification/white_crappie/110.png,white_crappie
gs://fish-cv-classification/white_crappie/111.png,white_crappie
gs://fish-cv-classification/white_crappie/112.jpg,white_crappie
gs://fish-cv-classification/white_crappie/113.jpg,white_crappie
gs://fish-cv-classification/white_crappie/114.jpg,white_crappie
gs://fish-cv-classification/white_crappie/115.jpg,white_crappie
gs://fish-cv-classification/white_crappie/116.jpg,white_crappie
gs://fish-cv-classification/white_crappie/117.jpg,white_crappie
gs://fish-cv-classification/white_crappie/118.jpg,white_crappie
gs://fish-cv-classification/white_crappie/12.jpg,white_crappie
gs://fish-cv-classification/white_crappie/120.jpg,white_crappie
gs://fish-cv-classification/white_crappie/13.jpg,white_crappie
gs://fish-cv-classification/white_crappie/14.jpg,white_crappie
gs://fish-cv-classification/white_crappie/15.jpg,white_crappie
gs://fish-cv-classification/white_crappie/16.jpg,white_crappie
gs://fish-cv-classification/white_crappie/17.jpg,white_crappie
gs://fish-cv-classification/white_crappie/18.jpg,white_crappie
gs://fish-cv-classification/white_crappie/19.jpg,white_crappie
gs://fish-cv-classification/white_crappie/2.jpg,white_crappie
gs://fish-cv-classification/white_crappie/20.jpg,white_crappie
gs://fish-cv-classification/white_crappie/21.jpg,white_crappie
gs://fish-cv-classification/white_crappie/22.jpg,white_crappie
gs://fish-cv-classification/white_crappie/24.jpg,white_crappie
gs://fish-cv-classification/white_crappie/25.jpg,white_crappie
gs://fish-cv-classification/white_crappie/26.jpg,white_crappie
gs://fish-cv-classification/white_crappie/27.jpg,white_crappie
gs://fish-cv-classification/white_crappie/28.jpg,white_crappie
gs://fish-cv-classification/white_crappie/29.jpg,white_crappie
gs://fish-cv-classification/white_crappie/3.jpg,white_crappie
gs://fish-cv-classification/white_crappie/30.jpg,white_crappie
gs://fish-cv-classification/white_crappie/31.jpg,white_crappie
gs://fish-cv-classification/white_crappie/32.jpg,white_crappie
gs://fish-cv-classification/white_crappie/33.jpg,white_crappie
gs://fish-cv-classification/white_crappie/34.jpg,white_crappie
gs://fish-cv-classification/white_crappie/36.jpg,white_crappie
gs://fish-cv-classification/white_crappie/37.jpg,white_crappie
gs://fish-cv-classification/white_crappie/38.jpg,white_crappie
gs://fish-cv-classification/white_crappie/39.jpg,white_crappie
gs://fish-cv-classification/white_crappie/4.jpeg,white_crappie
gs://fish-cv-classification/white_crappie/40.jpg,white_crappie
gs://fish-cv-classification/white_crappie/41.jpg,white_crappie
gs://fish-cv-classification/white_crappie/42.png,white_crappie
gs://fish-cv-classification/white_crappie/44.png,white_crappie
gs://fish-cv-classification/white_crappie/46.png,white_crappie
gs://fish-cv-classification/white_crappie/47.png,white_crappie
gs://fish-cv-classification/white_crappie/48.png,white_crappie
gs://fish-cv-classification/white_crappie/49.png,white_crappie
gs://fish-cv-classification/white_crappie/5.jpeg,white_crappie
gs://fish-cv-classification/white_crappie/50.png,white_crappie
gs://fish-cv-classification/white_crappie/51.png,white_crappie
gs://fish-cv-classification/white_crappie/52.png,white_crappie
gs://fish-cv-classification/white_crappie/54.png,white_crappie
gs://fish-cv-classification/white_crappie/55.png,white_crappie
gs://fish-cv-classification/white_crappie/56.png,white_crappie
gs://fish-cv-classification/white_crappie/57.png,white_crappie
gs://fish-cv-classification/white_crappie/6.jpeg,white_crappie
gs://fish-cv-classification/white_crappie/61.png,white_crappie
gs://fish-cv-classification/white_crappie/62.png,white_crappie
gs://fish-cv-classification/white_crappie/63.png,white_crappie
gs://fish-cv-classification/white_crappie/64.png,white_crappie
gs://fish-cv-classification/white_crappie/65.png,white_crappie
gs://fish-cv-classification/white_crappie/68.png,white_crappie
gs://fish-cv-classification/white_crappie/69.png,white_crappie
gs://fish-cv-classification/white_crappie/7.jpeg,white_crappie
gs://fish-cv-classification/white_crappie/70.png,white_crappie
gs://fish-cv-classification/white_crappie/71.png,white_crappie
gs://fish-cv-classification/white_crappie/73.png,white_crappie
gs://fish-cv-classification/white_crappie/74.png,white_crappie
gs://fish-cv-classification/white_crappie/77.png,white_crappie
gs://fish-cv-classification/white_crappie/78.png,white_crappie
gs://fish-cv-classification/white_crappie/79.png,white_crappie
gs://fish-cv-classification/white_crappie/8.jpg,white_crappie
gs://fish-cv-classification/white_crappie/80.png,white_crappie
gs://fish-cv-classification/white_crappie/81.png,white_crappie
gs://fish-cv-classification/white_crappie/82.png,white_crappie
gs://fish-cv-classification/white_crappie/83.png,white_crappie
gs://fish-cv-classification/white_crappie/84.png,white_crappie
gs://fish-cv-classification/white_crappie/85.png,white_crappie
gs://fish-cv-classification/white_crappie/86.png,white_crappie
gs://fish-cv-classification/white_crappie/88.png,white_crappie
gs://fish-cv-classification/white_crappie/9.jpg,white_crappie
gs://fish-cv-classification/white_crappie/90.png,white_crappie
gs://fish-cv-classification/white_crappie/92.png,white_crappie
gs://fish-cv-classification/white_crappie/93.png,white_crappie
gs://fish-cv-classification/white_crappie/95.png,white_crappie
gs://fish-cv-classification/white_crappie/96.png,white_crappie
gs://fish-cv-classification/white_crappie/97.png,white_crappie
gs://fish-cv-classification/white_crappie/98.png,white_crappie
gs://fish-cv-classification/white_crappie/99.png,white_crappie
gs://fish-cv-classification/yellow_perch/1.jpg,yellow_perch
gs://fish-cv-classification/yellow_perch/10.jpg,yellow_perch
gs://fish-cv-classification/yellow_perch/11.jpg,yellow_perch
gs://fish-cv-classification/yellow_perch/12.jpg,yellow_perch
gs://fish-cv-classification/yellow_perch/13.png,yellow_perch
gs://fish-cv-classification/yellow_perch/14.jpg,yellow_perch
gs://fish-cv-classification/yellow_perch/15.png,yellow_perch
gs://fish-cv-classification/yellow_perch/16.jpg,yellow_perch
gs://fish-cv-classification/yellow_perch/17.jpg,yellow_perch
gs://fish-cv-classification/yellow_perch/18.png,yellow_perch
gs://fish-cv-classification/yellow_perch/19.jpg,yellow_perch
gs://fish-cv-classification/yellow_perch/2.jpg,yellow_perch
gs://fish-cv-classification/yellow_perch/20.png,yellow_perch
gs://fish-cv-classification/yellow_perch/21.jpg,yellow_perch
gs://fish-cv-classification/yellow_perch/22.jpg,yellow_perch
gs://fish-cv-classification/yellow_perch/23.jpg,yellow_perch
gs://fish-cv-classification/yellow_perch/24.jpg,yellow_perch
gs://fish-cv-classification/yellow_perch/25.jpg,yellow_perch
gs://fish-cv-classification/yellow_perch/26.jpg,yellow_perch
gs://fish-cv-classification/yellow_perch/27.jpg,yellow_perch
gs://fish-cv-classification/yellow_perch/28.png,yellow_perch
gs://fish-cv-classification/yellow_perch/29.jpg,yellow_perch
gs://fish-cv-classification/yellow_perch/3.jpg,yellow_perch
gs://fish-cv-classification/yellow_perch/30.png,yellow_perch
gs://fish-cv-classification/yellow_perch/31.png,yellow_perch
gs://fish-cv-classification/yellow_perch/32.jpg,yellow_perch
gs://fish-cv-classification/yellow_perch/33.jpg,yellow_perch
gs://fish-cv-classification/yellow_perch/34.jpg,yellow_perch
gs://fish-cv-classification/yellow_perch/35.jpg,yellow_perch
gs://fish-cv-classification/yellow_perch/36.jpg,yellow_perch
gs://fish-cv-classification/yellow_perch/37.jpg,yellow_perch
gs://fish-cv-classification/yellow_perch/38.png,yellow_perch
gs://fish-cv-classification/yellow_perch/39.jpg,yellow_perch
gs://fish-cv-classification/yellow_perch/4.jpg,yellow_perch
gs://fish-cv-classification/yellow_perch/40.jpg,yellow_perch
gs://fish-cv-classification/yellow_perch/41.jpg,yellow_perch
gs://fish-cv-classification/yellow_perch/42.jpg,yellow_perch
gs://fish-cv-classification/yellow_perch/43.jpg,yellow_perch
gs://fish-cv-classification/yellow_perch/44.jpg,yellow_perch
gs://fish-cv-classification/yellow_perch/45.jpg,yellow_perch
gs://fish-cv-classification/yellow_perch/46.jpg,yellow_perch
gs://fish-cv-classification/yellow_perch/47.jpg,yellow_perch
gs://fish-cv-classification/yellow_perch/48.jpg,yellow_perch
gs://fish-cv-classification/yellow_perch/49.jpg,yellow_perch
gs://fish-cv-classification/yellow_perch/5.jpg,yellow_perch
gs://fish-cv-classification/yellow_perch/50.jpg,yellow_perch
gs://fish-cv-classification/yellow_perch/51.jpg,yellow_perch
gs://fish-cv-classification/yellow_perch/52.jpg,yellow_perch
gs://fish-cv-classification/yellow_perch/53.jpg,yellow_perch
gs://fish-cv-classification/yellow_perch/54.jpg,yellow_perch
gs://fish-cv-classification/yellow_perch/55.jpg,yellow_perch
gs://fish-cv-classification/yellow_perch/56.jpg,yellow_perch
gs://fish-cv-classification/yellow_perch/57.jpg,yellow_perch
gs://fish-cv-classification/yellow_perch/58.jpg,yellow_perch
gs://fish-cv-classification/yellow_perch/59.jpg,yellow_perch
gs://fish-cv-classification/yellow_perch/6.jpg,yellow_perch
gs://fish-cv-classification/yellow_perch/60.jpg,yellow_perch
gs://fish-cv-classification/yellow_perch/61.jpg,yellow_perch
gs://fish-cv-classification/yellow_perch/62.png,yellow_perch
gs://fish-cv-classification/yellow_perch/63.png,yellow_perch
gs://fish-cv-classification/yellow_perch/64.jpg,yellow_perch
gs://fish-cv-classification/yellow_perch/65.jpg,yellow_perch
gs://fish-cv-classification/yellow_perch/7.jpg,yellow_perch
gs://fish-cv-classification/yellow_perch/8.jpg,yellow_perch
gs://fish-cv-classification/yellow_perch/9.jpg,yellow_perch
